variant,benchmark,group,value,frames,gt_markers,predictions,localization_recall,id_recall,id_precision,wrong_id,false_positive,mean_latency_ms,p95_latency_ms
speed_roi,static,difficulty,hard,200,383,20,0.05221932114882506,0.04960835509138381,0.95,1,0,13.422867340559606,18.551689472224094
speed_roi,static,difficulty,normal,200,423,112,0.2647754137115839,0.2647754137115839,1.0,0,0,11.544705795968184,18.947651860071346
speed_roi,static,side_bin,14-18 px,3,6,0,0.0,0.0,0.0,0,0,15.504045994020998,17.35870880074799
speed_roi,static,side_bin,18-22 px,26,45,1,0.022222222222222223,0.022222222222222223,1.0,0,0,11.98135688565134,17.507487747934647
speed_roi,static,side_bin,22-26 px,68,140,25,0.17857142857142858,0.17857142857142858,1.0,0,0,13.57762994174503,18.858400759927463
speed_roi,static,side_bin,26-32 px,90,186,46,0.24731182795698925,0.24731182795698925,1.0,0,0,12.42363181113938,18.32784906437155
speed_roi,static,side_bin,>=32 px,213,429,60,0.13986013986013987,0.13752913752913754,0.9833333333333333,1,0,12.178786437818562,18.964905809843913
speed_roi,static,texture,asphalt,21,44,0,0.0,0.0,0.0,0,0,10.727967759261706,16.676336992532015
speed_roi,static,texture,concrete,23,44,6,0.13636363636363635,0.13636363636363635,1.0,0,0,13.30116978699706,19.029022796894424
speed_roi,static,texture,dirt,16,32,1,0.03125,0.03125,1.0,0,0,11.06752213127038,17.652665243076626
speed_roi,static,texture,grass,19,40,1,0.025,0.025,1.0,0,0,13.163640004533686,20.11100000236183
speed_roi,static,texture,gym_floor,224,450,100,0.2222222222222222,0.22,0.99,1,0,12.709035433545068,18.827545539534185
speed_roi,static,texture,tile,43,86,21,0.2441860465116279,0.2441860465116279,1.0,0,0,12.549239280498261,18.40926939912606
speed_roi,static,texture,wood,54,110,3,0.02727272727272727,0.02727272727272727,1.0,0,0,12.012401090706353,18.096998705004804
speed_roi,static,visibility_bin,0.40-0.70,19,37,3,0.08108108108108109,0.08108108108108109,1.0,0,0,13.19645637168402,19.306222797604278
speed_roi,static,visibility_bin,0.70-0.90,61,159,21,0.1320754716981132,0.1320754716981132,1.0,0,0,10.899946853121529,16.676336992532015
speed_roi,static,visibility_bin,<0.40,7,9,0,0.0,0.0,0.0,0,0,11.803934712328815,16.64000749879051
speed_roi,static,visibility_bin,>=0.90,313,601,108,0.17970049916805325,0.17803660565723795,0.9907407407407407,1,0,12.764401454366922,18.964905809843913
speed_roi,temporal,difficulty,normal,480,1016,295,0.2903543307086614,0.2903543307086614,1.0,0,0,8.376667207933982,17.756468962761573
speed_roi,temporal,side_bin,18-22 px,8,8,0,0.0,0.0,0.0,0,0,2.6770891236083116,3.033619761117734
speed_roi,temporal,side_bin,22-26 px,41,94,50,0.5319148936170213,0.5319148936170213,1.0,0,0,11.761446192394942,21.40269399387762
speed_roi,temporal,side_bin,26-32 px,71,201,64,0.31840796019900497,0.31840796019900497,1.0,0,0,10.312806520591371,17.317854493740015
speed_roi,temporal,side_bin,>=32 px,360,713,181,0.2538569424964937,0.2538569424964937,1.0,0,0,7.7359860832479574,17.626806048792787
speed_roi,temporal,texture,asphalt,32,64,1,0.015625,0.015625,1.0,0,0,8.932909090617613,14.450048448634332
speed_roi,temporal,texture,concrete,16,40,25,0.625,0.625,1.0,0,0,9.63707218397758,14.741082995897159
speed_roi,temporal,texture,dirt,8,16,0,0.0,0.0,0.0,0,0,14.283901124144904,17.709504051890686
speed_roi,temporal,texture,grass,16,40,5,0.125,0.125,1.0,0,0,9.191074372211006,14.154983495245688
speed_roi,temporal,texture,gym_floor,288,560,193,0.34464285714285714,0.34464285714285714,1.0,0,0,8.645859431655683,18.043893855065107
speed_roi,temporal,texture,tile,64,168,57,0.3392857142857143,0.3392857142857143,1.0,0,0,8.048094277910423,15.848976986308115
speed_roi,temporal,texture,wood,56,128,14,0.109375,0.109375,1.0,0,0,5.613215444879772,10.210824242676608
speed_roi,temporal,visibility_bin,0.40-0.70,16,40,8,0.2,0.2,1.0,0,0,9.761841189174447,15.737583249574527
speed_roi,temporal,visibility_bin,0.70-0.90,88,224,39,0.17410714285714285,0.17410714285714285,1.0,0,0,6.699760613132226,13.023711391724639
speed_roi,temporal,visibility_bin,>=0.90,376,752,248,0.32978723404255317,0.32978723404255317,1.0,0,0,8.710191135175224,18.033626256510615
balanced_roi,static,difficulty,hard,200,383,49,0.1279373368146214,0.1279373368146214,1.0,0,0,16.916701650770847,23.957797956245486
balanced_roi,static,difficulty,normal,200,423,175,0.41371158392434987,0.41371158392434987,1.0,0,0,14.514244898891775,25.368936346785627
balanced_roi,static,side_bin,14-18 px,3,6,0,0.0,0.0,0.0,0,0,20.41003599879332,21.921368304174393
balanced_roi,static,side_bin,18-22 px,26,45,3,0.06666666666666667,0.06666666666666667,1.0,0,0,15.152623307165833,22.78810849384172
balanced_roi,static,side_bin,22-26 px,68,140,26,0.18571428571428572,0.18571428571428572,1.0,0,0,17.224315633511114,25.491365636116825
balanced_roi,static,side_bin,26-32 px,90,186,49,0.26344086021505375,0.26344086021505375,1.0,0,0,15.846441855279004,24.84145190392155
balanced_roi,static,side_bin,>=32 px,213,429,146,0.34032634032634035,0.34032634032634035,1.0,0,0,15.181022375098435,24.23364018904975
balanced_roi,static,texture,asphalt,21,44,8,0.18181818181818182,0.18181818181818182,1.0,0,0,13.557728761086418,20.731576019898057
balanced_roi,static,texture,concrete,23,44,12,0.2727272727272727,0.2727272727272727,1.0,0,0,17.548388041019358,23.990882295765914
balanced_roi,static,texture,dirt,16,32,8,0.25,0.25,1.0,0,0,14.897510500304634,25.49536649894435
balanced_roi,static,texture,grass,19,40,3,0.075,0.075,1.0,0,0,16.841926422019146,23.00912411010358
balanced_roi,static,texture,gym_floor,224,450,150,0.3333333333333333,0.3333333333333333,1.0,0,0,15.875616682023974,25.156451459042724
balanced_roi,static,texture,tile,43,86,30,0.3488372093023256,0.3488372093023256,1.0,0,0,15.864905306316782,25.480150312068872
balanced_roi,static,texture,wood,54,110,13,0.11818181818181818,0.11818181818181818,1.0,0,0,14.83663418588953,21.022423493559472
balanced_roi,static,visibility_bin,0.40-0.70,19,37,9,0.24324324324324326,0.24324324324324326,1.0,0,0,16.366928895494265,22.845562087604772
balanced_roi,static,visibility_bin,0.70-0.90,61,159,39,0.24528301886792453,0.24528301886792453,1.0,0,0,13.493174671760348,21.18461800273508
balanced_roi,static,visibility_bin,<0.40,7,9,0,0.0,0.0,0.0,0,0,15.297866567769754,20.01925829972606
balanced_roi,static,visibility_bin,>=0.90,313,601,176,0.2928452579034942,0.2928452579034942,1.0,0,0,16.11836722033982,25.103654008125883
balanced_roi,temporal,difficulty,normal,480,1016,459,0.45177165354330706,0.45177165354330706,1.0,0,0,8.728857859023265,19.005882140481845
balanced_roi,temporal,side_bin,18-22 px,8,8,0,0.0,0.0,0.0,0,0,4.650928003684385,5.96327036328148
balanced_roi,temporal,side_bin,22-26 px,41,94,38,0.40425531914893614,0.40425531914893614,1.0,0,0,10.312369514239679,17.608017980819568
balanced_roi,temporal,side_bin,26-32 px,71,201,78,0.3880597014925373,0.3880597014925373,1.0,0,0,12.008608253279203,18.963385009556077
balanced_roi,temporal,side_bin,>=32 px,360,713,343,0.48106591865357645,0.48106591865357645,1.0,0,0,7.992294478430671,19.049852529133204
balanced_roi,temporal,texture,asphalt,32,64,15,0.234375,0.234375,1.0,0,0,11.05330137488636,17.541519852238707
balanced_roi,temporal,texture,concrete,16,40,18,0.45,0.45,1.0,0,0,9.584529065250535,13.838517261319794
balanced_roi,temporal,texture,dirt,8,16,0,0.0,0.0,0.0,0,0,19.610497623943957,25.433192735363257
balanced_roi,temporal,texture,grass,16,40,5,0.125,0.125,1.0,0,0,13.357407749936101,19.510867743520066
balanced_roi,temporal,texture,gym_floor,288,560,298,0.5321428571428571,0.5321428571428571,1.0,0,0,8.379371261475576,19.27147701062495
balanced_roi,temporal,texture,tile,64,168,71,0.4226190476190476,0.4226190476190476,1.0,0,0,8.320699577325286,18.93096702406183
balanced_roi,temporal,texture,wood,56,128,52,0.40625,0.40625,1.0,0,0,6.542990393687172,11.90297900029691
balanced_roi,temporal,visibility_bin,0.40-0.70,16,40,16,0.4,0.4,1.0,0,0,6.699225185002433,17.290192998189013
balanced_roi,temporal,visibility_bin,0.70-0.90,88,224,77,0.34375,0.34375,1.0,0,0,6.757688263116341,14.067253952089231
balanced_roi,temporal,visibility_bin,>=0.90,376,752,366,0.4867021276595745,0.4867021276595745,1.0,0,0,9.276562771853431,19.244773000536952
quality_roi,static,difficulty,hard,200,383,89,0.23237597911227154,0.22193211488250653,0.9550561797752809,4,0,23.77084102918161,34.849335007311296
quality_roi,static,difficulty,normal,200,423,218,0.5153664302600472,0.5153664302600472,1.0,0,0,21.877650604583323,36.30817643570481
quality_roi,static,side_bin,14-18 px,3,6,0,0.0,0.0,0.0,0,0,24.47414432147828,28.321596977184527
quality_roi,static,side_bin,18-22 px,26,45,3,0.06666666666666667,0.06666666666666667,1.0,0,0,21.130944345853866,34.3421599973226
quality_roi,static,side_bin,22-26 px,68,140,31,0.22142857142857142,0.21428571428571427,0.967741935483871,1,0,24.19940426325946,35.90361421374837
quality_roi,static,side_bin,26-32 px,90,186,76,0.40860215053763443,0.3924731182795699,0.9605263157894737,3,0,22.922613298416966,34.076591035409365
quality_roi,static,side_bin,>=32 px,213,429,197,0.4592074592074592,0.4592074592074592,1.0,0,0,22.527120441489114,35.979969211621196
quality_roi,static,texture,asphalt,21,44,11,0.25,0.20454545454545456,0.8181818181818182,2,0,22.76991890366411,44.58679599338211
quality_roi,static,texture,concrete,23,44,19,0.4318181818181818,0.4318181818181818,1.0,0,0,25.106231433987293,36.18911551020574
quality_roi,static,texture,dirt,16,32,12,0.375,0.34375,0.9166666666666666,1,0,21.886208251089556,35.19365400279639
quality_roi,static,texture,grass,19,40,10,0.25,0.225,0.9,1,0,25.504991265111848,33.409579319413744
quality_roi,static,texture,gym_floor,224,450,190,0.4222222222222222,0.4222222222222222,1.0,0,0,22.841337521770452,35.654441703809425
quality_roi,static,texture,tile,43,86,39,0.45348837209302323,0.45348837209302323,1.0,0,0,22.215691414732095,35.850461313384585
quality_roi,static,texture,wood,54,110,26,0.23636363636363636,0.23636363636363636,1.0,0,0,21.62181861166135,32.45927325770025
quality_roi,static,visibility_bin,0.40-0.70,19,37,10,0.2702702702702703,0.2702702702702703,1.0,0,0,23.81072431422868,34.95597060536966
quality_roi,static,visibility_bin,0.70-0.90,61,159,47,0.29559748427672955,0.29559748427672955,1.0,0,0,20.12602809757437,33.34972501033917
quality_roi,static,visibility_bin,<0.40,7,9,0,0.0,0.0,0.0,0,0,22.587630008014717,34.995661923312575
quality_roi,static,visibility_bin,>=0.90,313,601,250,0.415973377703827,0.40931780366056575,0.984,4,0,23.295506200557515,35.8463620126713
quality_roi,temporal,difficulty,normal,480,1016,545,0.5364173228346457,0.5364173228346457,1.0,0,0,11.641138752929692,24.997596748289652
quality_roi,temporal,side_bin,18-22 px,8,8,2,0.25,0.25,1.0,0,0,5.790605253423564,7.216704201709944
quality_roi,temporal,side_bin,22-26 px,41,94,47,0.5,0.5,1.0,0,0,12.55874738960368,24.68949800822884
quality_roi,temporal,side_bin,26-32 px,71,201,101,0.5024875621890548,0.5024875621890548,1.0,0,0,16.636119042949513,29.033223006990738
quality_roi,temporal,side_bin,>=32 px,360,713,395,0.5539971949509116,0.5539971949509116,1.0,0,0,10.681524067654713,24.205244038603272
quality_roi,temporal,texture,asphalt,32,64,18,0.28125,0.28125,1.0,0,0,14.66328347214585,24.129523694864474
quality_roi,temporal,texture,concrete,16,40,25,0.625,0.625,1.0,0,0,13.394985122431535,21.344026245060377
quality_roi,temporal,texture,dirt,8,16,0,0.0,0.0,0.0,0,0,23.434129368979484,29.824951340560794
quality_roi,temporal,texture,grass,16,40,17,0.425,0.425,1.0,0,0,20.973125434466056,27.951807249337435
quality_roi,temporal,texture,gym_floor,288,560,343,0.6125,0.6125,1.0,0,0,10.972369882640326,24.80565653822849
quality_roi,temporal,texture,tile,64,168,73,0.43452380952380953,0.43452380952380953,1.0,0,0,9.59169845600627,22.740889353735827
quality_roi,temporal,texture,wood,56,128,69,0.5390625,0.5390625,1.0,0,0,10.843705340188794,18.530780493165366
quality_roi,temporal,visibility_bin,0.40-0.70,16,40,16,0.4,0.4,1.0,0,0,9.133614750680863,23.119771991332527
quality_roi,temporal,visibility_bin,0.70-0.90,88,224,83,0.3705357142857143,0.3705357142857143,1.0,0,0,8.512930603584126,16.184222845186014
quality_roi,temporal,visibility_bin,>=0.90,376,752,446,0.5930851063829787,0.5930851063829787,1.0,0,0,12.479975724148817,27.465346742246766
speed_full_only,static,difficulty,hard,200,383,20,0.05221932114882506,0.04960835509138381,0.95,1,0,14.10395706538111,19.11648353998316
speed_full_only,static,difficulty,normal,200,423,112,0.2647754137115839,0.2647754137115839,1.0,0,0,11.589091655914672,19.325279085023794
speed_full_only,static,side_bin,14-18 px,3,6,0,0.0,0.0,0.0,0,0,15.953073666120568,17.903201081207953
speed_full_only,static,side_bin,18-22 px,26,45,1,0.022222222222222223,0.022222222222222223,1.0,0,0,12.278467233185298,18.537739015300758
speed_full_only,static,side_bin,22-26 px,68,140,25,0.17857142857142858,0.17857142857142858,1.0,0,0,14.143038280000088,21.712917351396754
speed_full_only,static,side_bin,26-32 px,90,186,46,0.24731182795698925,0.24731182795698925,1.0,0,0,12.724267788063218,18.19453063508263
speed_full_only,static,side_bin,>=32 px,213,429,60,0.13986013986013987,0.13752913752913754,0.9833333333333333,1,0,12.50985761141916,19.210248405579478
speed_full_only,static,texture,asphalt,21,44,0,0.0,0.0,0.0,0,0,10.801869524931092,17.376525996951386
speed_full_only,static,texture,concrete,23,44,6,0.13636363636363635,0.13636363636363635,1.0,0,0,13.442446481507352,18.656381315668114
speed_full_only,static,texture,dirt,16,32,1,0.03125,0.03125,1.0,0,0,11.963341690716334,21.16312949510757
speed_full_only,static,texture,grass,19,40,1,0.025,0.025,1.0,0,0,13.562884004051355,18.850509016192518
speed_full_only,static,texture,gym_floor,224,450,100,0.2222222222222222,0.22,0.99,1,0,12.947780536056339,19.225513907440472
speed_full_only,static,texture,tile,43,86,21,0.2441860465116279,0.2441860465116279,1.0,0,0,13.369211439736361,22.672208482981656
speed_full_only,static,texture,wood,54,110,3,0.02727272727272727,0.02727272727272727,1.0,0,0,12.561241111985442,18.116596365871374
speed_full_only,static,visibility_bin,0.40-0.70,19,37,3,0.08108108108108109,0.08108108108108109,1.0,0,0,13.638743423048014,18.855073611484837
speed_full_only,static,visibility_bin,0.70-0.90,61,159,21,0.1320754716981132,0.1320754716981132,1.0,0,0,11.176660082963311,17.376525996951386
speed_full_only,static,visibility_bin,<0.40,7,9,0,0.0,0.0,0.0,0,0,13.716201144104291,23.18334890296682
speed_full_only,static,visibility_bin,>=0.90,313,601,108,0.17970049916805325,0.17803660565723795,0.9907407407407407,1,0,13.104421553200485,19.345064990920946
speed_full_only,temporal,difficulty,normal,480,1016,283,0.2785433070866142,0.2785433070866142,1.0,0,0,8.911431061763627,15.906503300357139
speed_full_only,temporal,side_bin,18-22 px,8,8,0,0.0,0.0,0.0,0,0,2.7151516260346398,3.1712223892100155
speed_full_only,temporal,side_bin,22-26 px,41,94,48,0.5106382978723404,0.5106382978723404,1.0,0,0,10.87702505103108,17.638251010794193
speed_full_only,temporal,side_bin,26-32 px,71,201,64,0.31840796019900497,0.31840796019900497,1.0,0,0,11.045846267042577,17.34207999834325
speed_full_only,temporal,side_bin,>=32 px,360,713,171,0.23983169705469845,0.23983169705469845,1.0,0,0,8.404312734961017,15.74722920631757
speed_full_only,temporal,texture,asphalt,32,64,1,0.015625,0.015625,1.0,0,0,8.68577412711602,14.460897709068375
speed_full_only,temporal,texture,concrete,16,40,26,0.65,0.65,1.0,0,0,8.094369190075668,11.765308510803152
speed_full_only,temporal,texture,dirt,8,16,0,0.0,0.0,0.0,0,0,13.304508873261511,17.6088195075863
speed_full_only,temporal,texture,grass,16,40,3,0.075,0.075,1.0,0,0,10.75343599950429,12.70515674696071
speed_full_only,temporal,texture,gym_floor,288,560,181,0.32321428571428573,0.32321428571428573,1.0,0,0,9.311370689324072,16.457082156557576
speed_full_only,temporal,texture,tile,64,168,59,0.35119047619047616,0.35119047619047616,1.0,0,0,8.818585594781325,16.411521192640066
speed_full_only,temporal,texture,wood,56,128,13,0.1015625,0.1015625,1.0,0,0,6.169231195859278,10.118842496012803
speed_full_only,temporal,visibility_bin,0.40-0.70,16,40,8,0.2,0.2,1.0,0,0,11.667659684462706,15.563726003165357
speed_full_only,temporal,visibility_bin,0.70-0.90,88,224,37,0.16517857142857142,0.16517857142857142,1.0,0,0,6.155714965809073,10.580316740379201
speed_full_only,temporal,visibility_bin,>=0.90,376,752,238,0.31648936170212766,0.31648936170212766,1.0,0,0,9.43909956836154,16.488895496877376
balanced_full_only,static,difficulty,hard,200,383,49,0.1279373368146214,0.1279373368146214,1.0,0,0,20.092715000064345,32.00765360234072
balanced_full_only,static,difficulty,normal,200,423,175,0.41371158392434987,0.41371158392434987,1.0,0,0,14.3924123897159,24.76866670476738
balanced_full_only,static,side_bin,14-18 px,3,6,0,0.0,0.0,0.0,0,0,22.939866660938907,32.550575883942656
balanced_full_only,static,side_bin,18-22 px,26,45,3,0.06666666666666667,0.06666666666666667,1.0,0,0,15.896032845305923,28.024366998579353
balanced_full_only,static,side_bin,22-26 px,68,140,26,0.18571428571428572,0.18571428571428572,1.0,0,0,19.215453424669036,29.054560653457884
balanced_full_only,static,side_bin,26-32 px,90,186,49,0.26344086021505375,0.26344086021505375,1.0,0,0,17.334910699153422,29.895741745713163
balanced_full_only,static,side_bin,>=32 px,213,429,146,0.34032634032634035,0.34032634032634035,1.0,0,0,16.657822667577353,26.505038206232705
balanced_full_only,static,texture,asphalt,21,44,8,0.18181818181818182,0.18181818181818182,1.0,0,0,15.725158240890043,27.459356002509594
balanced_full_only,static,texture,concrete,23,44,12,0.2727272727272727,0.2727272727272727,1.0,0,0,18.462507607182488,29.30808890378102
balanced_full_only,static,texture,dirt,16,32,8,0.25,0.25,1.0,0,0,15.559318622763385,26.727281998319086
balanced_full_only,static,texture,grass,19,40,3,0.075,0.075,1.0,0,0,18.899477633806924,30.006370705086727
balanced_full_only,static,texture,gym_floor,224,450,150,0.3333333333333333,0.3333333333333333,1.0,0,0,17.11051727189832,26.722339013940655
balanced_full_only,static,texture,tile,43,86,30,0.3488372093023256,0.3488372093023256,1.0,0,0,17.630023906835852,30.159013194497668
balanced_full_only,static,texture,wood,54,110,13,0.11818181818181818,0.11818181818181818,1.0,0,0,17.46802611160092,29.17641885578632
balanced_full_only,static,visibility_bin,0.40-0.70,19,37,9,0.24324324324324326,0.24324324324324326,1.0,0,0,18.06108916245744,25.14280110190154
balanced_full_only,static,visibility_bin,0.70-0.90,61,159,39,0.24528301886792453,0.24528301886792453,1.0,0,0,14.84851557408368,27.459356002509594
balanced_full_only,static,visibility_bin,<0.40,7,9,0,0.0,0.0,0.0,0,0,17.40345113960627,24.90512018848676
balanced_full_only,static,visibility_bin,>=0.90,313,601,176,0.2928452579034942,0.2928452579034942,1.0,0,0,17.65585040215019,28.87920620851218
balanced_full_only,temporal,difficulty,normal,480,1016,456,0.44881889763779526,0.44881889763779526,1.0,0,0,11.542473668911649,20.74104303610511
balanced_full_only,temporal,side_bin,18-22 px,8,8,0,0.0,0.0,0.0,0,0,4.745015005028108,5.243152999901213
balanced_full_only,temporal,side_bin,22-26 px,41,94,38,0.40425531914893614,0.40425531914893614,1.0,0,0,12.689648657503378,20.391549012856558
balanced_full_only,temporal,side_bin,26-32 px,71,201,79,0.39303482587064675,0.39303482587064675,1.0,0,0,13.319225844920574,20.605370998964645
balanced_full_only,temporal,side_bin,>=32 px,360,713,339,0.47545582047685836,0.47545582047685836,1.0,0,0,11.212462808584355,20.76293335994706
balanced_full_only,temporal,texture,asphalt,32,64,15,0.234375,0.234375,1.0,0,0,10.850666780243046,16.535375696548726
balanced_full_only,temporal,texture,concrete,16,40,18,0.45,0.45,1.0,0,0,12.843458123825258,15.22427247982705
balanced_full_only,temporal,texture,dirt,8,16,0,0.0,0.0,0.0,0,0,25.672226129245246,37.68277595372637
balanced_full_only,temporal,texture,grass,16,40,5,0.125,0.125,1.0,0,0,13.695055054995464,16.400995482399594
balanced_full_only,temporal,texture,gym_floor,288,560,300,0.5357142857142857,0.5357142857142857,1.0,0,0,11.848077694291229,20.68393424269743
balanced_full_only,temporal,texture,tile,64,168,70,0.4166666666666667,0.4166666666666667,1.0,0,0,10.591516987460636,20.30366057297215
balanced_full_only,temporal,texture,wood,56,128,48,0.375,0.375,1.0,0,0,8.447652518952964,12.684886751230806
balanced_full_only,temporal,visibility_bin,0.40-0.70,16,40,16,0.4,0.4,1.0,0,0,16.5928191254352,20.655768748838454
balanced_full_only,temporal,visibility_bin,0.70-0.90,88,224,72,0.32142857142857145,0.32142857142857145,1.0,0,0,8.58684967103975,13.020980288274586
balanced_full_only,temporal,visibility_bin,>=0.90,376,752,368,0.48936170212765956,0.48936170212765956,1.0,0,0,12.01930713834875,21.51641799719073
quality_full_only,static,difficulty,hard,200,383,89,0.23237597911227154,0.22193211488250653,0.9550561797752809,4,0,22.640224361530272,31.08062621904537
quality_full_only,static,difficulty,normal,200,423,218,0.5153664302600472,0.5153664302600472,1.0,0,0,19.87049922987353,31.6799176580389
quality_full_only,static,side_bin,14-18 px,3,6,0,0.0,0.0,0.0,0,0,24.753610671420272,30.88327689911239
quality_full_only,static,side_bin,18-22 px,26,45,3,0.06666666666666667,0.06666666666666667,1.0,0,0,19.647941002264044,27.78366074198857
quality_full_only,static,side_bin,22-26 px,68,140,31,0.22142857142857142,0.21428571428571427,0.967741935483871,1,0,22.72949316102313,31.74162560608238
quality_full_only,static,side_bin,26-32 px,90,186,76,0.40860215053763443,0.3924731182795699,0.9605263157894737,3,0,21.175676536060767,30.99355505546555
quality_full_only,static,side_bin,>=32 px,213,429,197,0.4592074592074592,0.4592074592074592,1.0,0,0,20.96535679348635,31.65431539528072
quality_full_only,static,texture,asphalt,21,44,11,0.25,0.20454545454545456,0.8181818181818182,2,0,19.76501752090241,30.064855993259698
quality_full_only,static,texture,concrete,23,44,19,0.4318181818181818,0.4318181818181818,1.0,0,0,22.84167578529931,31.041554917464964
quality_full_only,static,texture,dirt,16,32,12,0.375,0.34375,0.9166666666666666,1,0,20.88723062479403,30.88917874265462
quality_full_only,static,texture,grass,19,40,10,0.25,0.225,0.9,1,0,24.401670626646496,33.18367209576535
quality_full_only,static,texture,gym_floor,224,450,190,0.4222222222222222,0.4222222222222222,1.0,0,0,21.4086176255088,31.639664246176835
quality_full_only,static,texture,tile,43,86,39,0.45348837209302323,0.45348837209302323,1.0,0,0,20.207805584081946,31.813310712459497
quality_full_only,static,texture,wood,54,110,26,0.23636363636363636,0.23636363636363636,1.0,0,0,20.359766428656357,29.269680808647532
quality_full_only,static,visibility_bin,0.40-0.70,19,37,10,0.2702702702702703,0.2702702702702703,1.0,0,0,22.096638313470113,31.80438189010601
quality_full_only,static,visibility_bin,0.70-0.90,61,159,47,0.29559748427672955,0.29559748427672955,1.0,0,0,18.56157106832128,28.660264011705294
quality_full_only,static,visibility_bin,<0.40,7,9,0,0.0,0.0,0.0,0,0,20.465144854305045,28.710536417202093
quality_full_only,static,visibility_bin,>=0.90,313,601,250,0.415973377703827,0.40931780366056575,0.984,4,0,21.746954444655255,31.764818209921934
quality_full_only,temporal,difficulty,normal,480,1016,544,0.5354330708661418,0.5354330708661418,1.0,0,0,15.380580489788068,25.05510776682057
quality_full_only,temporal,side_bin,18-22 px,8,8,2,0.25,0.25,1.0,0,0,5.746854625613196,7.1233932438190095
quality_full_only,temporal,side_bin,22-26 px,41,94,48,0.5106382978723404,0.5106382978723404,1.0,0,0,16.59875404921633,26.734183018561453
quality_full_only,temporal,side_bin,26-32 px,71,201,102,0.5074626865671642,0.5074626865671642,1.0,0,0,17.866994394071426,26.95705600490328
quality_full_only,temporal,side_bin,>=32 px,360,713,392,0.5497896213183731,0.5497896213183731,1.0,0,0,14.96555077804563,24.310677959874738
quality_full_only,temporal,texture,asphalt,32,64,18,0.28125,0.28125,1.0,0,0,15.546382939646719,22.629930406401396
quality_full_only,temporal,texture,concrete,16,40,25,0.625,0.625,1.0,0,0,17.179747563204728,20.234267743944656
quality_full_only,temporal,texture,dirt,8,16,0,0.0,0.0,0.0,0,0,23.241028866323177,30.43742543231928
quality_full_only,temporal,texture,grass,16,40,17,0.425,0.425,1.0,0,0,19.91881443973398,24.11333601048682
quality_full_only,temporal,texture,gym_floor,288,560,344,0.6142857142857143,0.6142857142857143,1.0,0,0,15.754185166770185,25.8906930044759
quality_full_only,temporal,texture,tile,64,168,72,0.42857142857142855,0.42857142857142855,1.0,0,0,13.286363422139402,22.629208794387523
quality_full_only,temporal,texture,wood,56,128,68,0.53125,0.53125,1.0,0,0,12.824224482236398,21.88113699958194
quality_full_only,temporal,visibility_bin,0.40-0.70,16,40,16,0.4,0.4,1.0,0,0,18.356401245910092,24.97136550664436
quality_full_only,temporal,visibility_bin,0.70-0.90,88,224,82,0.36607142857142855,0.36607142857142855,1.0,0,0,12.296489195498658,21.21995514753506
quality_full_only,temporal,visibility_bin,>=0.90,376,752,446,0.5930851063829787,0.5930851063829787,1.0,0,0,15.97575842010593,26.1350175132975
balanced_roi_side12,static,difficulty,hard,200,383,49,0.1279373368146214,0.1279373368146214,1.0,0,0,17.57684561467613,24.887603598472197
balanced_roi_side12,static,difficulty,normal,200,423,175,0.41371158392434987,0.41371158392434987,1.0,0,0,14.292071755189681,22.788876805861943
balanced_roi_side12,static,side_bin,14-18 px,3,6,0,0.0,0.0,0.0,0,0,17.83402799628675,20.28054669208359
balanced_roi_side12,static,side_bin,18-22 px,26,45,3,0.06666666666666667,0.06666666666666667,1.0,0,0,16.06020365076032,24.94708499580156
balanced_roi_side12,static,side_bin,22-26 px,68,140,26,0.18571428571428572,0.18571428571428572,1.0,0,0,17.26355376355487,25.202392165374476
balanced_roi_side12,static,side_bin,26-32 px,90,186,49,0.26344086021505375,0.26344086021505375,1.0,0,0,16.221917199436575,24.414399058150593
balanced_roi_side12,static,side_bin,>=32 px,213,429,146,0.34032634032634035,0.34032634032634035,1.0,0,0,15.346581648795826,22.994750412181016
balanced_roi_side12,static,texture,asphalt,21,44,8,0.18181818181818182,0.18181818181818182,1.0,0,0,15.244345093378797,22.776811005314812
balanced_roi_side12,static,texture,concrete,23,44,12,0.2727272727272727,0.2727272727272727,1.0,0,0,16.19246082238691,21.933382991119288
balanced_roi_side12,static,texture,dirt,16,32,8,0.25,0.25,1.0,0,0,15.53599844010023,27.319048735080287
balanced_roi_side12,static,texture,grass,19,40,3,0.075,0.075,1.0,0,0,16.49680421197493,23.398630204610523
balanced_roi_side12,static,texture,gym_floor,224,450,150,0.3333333333333333,0.3333333333333333,1.0,0,0,16.183225134357468,23.62687659187941
balanced_roi_side12,static,texture,tile,43,86,30,0.3488372093023256,0.3488372093023256,1.0,0,0,15.424168089318067,24.019359899102707
balanced_roi_side12,static,texture,wood,54,110,13,0.11818181818181818,0.11818181818181818,1.0,0,0,15.387568797989472,23.271797569759652
balanced_roi_side12,static,visibility_bin,0.40-0.70,19,37,9,0.24324324324324326,0.24324324324324326,1.0,0,0,15.921504370022664,19.7587400994962
balanced_roi_side12,static,visibility_bin,0.70-0.90,61,159,39,0.24528301886792453,0.24528301886792453,1.0,0,0,14.046691838064094,21.65535799576901
balanced_roi_side12,static,visibility_bin,<0.40,7,9,0,0.0,0.0,0.0,0,0,16.930161280989914,23.350979678798463
balanced_roi_side12,static,visibility_bin,>=0.90,313,601,176,0.2928452579034942,0.2928452579034942,1.0,0,0,16.280880382919786,24.656676815357052
balanced_roi_side12,temporal,difficulty,normal,480,1016,459,0.45177165354330706,0.45177165354330706,1.0,0,0,9.981083385779735,22.865466000803274
balanced_roi_side12,temporal,side_bin,18-22 px,8,8,0,0.0,0.0,0.0,0,0,4.841236997890519,5.51295269979164
balanced_roi_side12,temporal,side_bin,22-26 px,41,94,38,0.40425531914893614,0.40425531914893614,1.0,0,0,12.972055411920316,24.645936995511875
balanced_roi_side12,temporal,side_bin,26-32 px,71,201,78,0.3880597014925373,0.3880597014925373,1.0,0,0,13.676546424263302,21.083394007291645
balanced_roi_side12,temporal,side_bin,>=32 px,360,713,343,0.48106591865357645,0.48106591865357645,1.0,0,0,9.025836281054783,22.865466000803284
balanced_roi_side12,temporal,texture,asphalt,32,64,15,0.234375,0.234375,1.0,0,0,12.872538907686248,21.110255602980033
balanced_roi_side12,temporal,texture,concrete,16,40,18,0.45,0.45,1.0,0,0,10.41747905946977,15.034973497677129
balanced_roi_side12,temporal,texture,dirt,8,16,0,0.0,0.0,0.0,0,0,23.312516874284483,26.385400541767012
balanced_roi_side12,temporal,texture,grass,16,40,5,0.125,0.125,1.0,0,0,14.043716440937715,22.901617514435202
balanced_roi_side12,temporal,texture,gym_floor,288,560,298,0.5321428571428571,0.5321428571428571,1.0,0,0,9.739449229932184,23.40446206217166
balanced_roi_side12,temporal,texture,tile,64,168,71,0.4226190476190476,0.4226190476190476,1.0,0,0,8.99929179558967,19.240174045262393
balanced_roi_side12,temporal,texture,wood,56,128,52,0.40625,0.40625,1.0,0,0,7.503633285523392,15.951018249324989
balanced_roi_side12,temporal,visibility_bin,0.40-0.70,16,40,16,0.4,0.4,1.0,0,0,7.980014746863162,20.655949498177506
balanced_roi_side12,temporal,visibility_bin,0.70-0.90,88,224,77,0.34375,0.34375,1.0,0,0,7.5998203521356285,15.291666265693491
balanced_roi_side12,temporal,visibility_bin,>=0.90,376,752,366,0.4867021276595745,0.4867021276595745,1.0,0,0,10.623552122969487,24.007207008253317
balanced_roi_side16,static,difficulty,hard,200,383,49,0.1279373368146214,0.1279373368146214,1.0,0,0,17.301976879825816,24.403399745642666
balanced_roi_side16,static,difficulty,normal,200,423,175,0.41371158392434987,0.41371158392434987,1.0,0,0,14.609264840109972,24.95805194776038
balanced_roi_side16,static,side_bin,14-18 px,3,6,0,0.0,0.0,0.0,0,0,18.694257324871916,23.995815898524597
balanced_roi_side16,static,side_bin,18-22 px,26,45,3,0.06666666666666667,0.06666666666666667,1.0,0,0,15.838311040379967,21.6181932555628
balanced_roi_side16,static,side_bin,22-26 px,68,140,26,0.18571428571428572,0.18571428571428572,1.0,0,0,17.097862030341812,25.794139137724414
balanced_roi_side16,static,side_bin,26-32 px,90,186,49,0.26344086021505375,0.26344086021505375,1.0,0,0,15.753087386191408,24.189844301145058
balanced_roi_side16,static,side_bin,>=32 px,213,429,146,0.34032634032634035,0.34032634032634035,1.0,0,0,15.65228639503377,24.760149588109925
balanced_roi_side16,static,texture,asphalt,21,44,8,0.18181818181818182,0.18181818181818182,1.0,0,0,14.959315239961835,22.21814202493988
balanced_roi_side16,static,texture,concrete,23,44,12,0.2727272727272727,0.2727272727272727,1.0,0,0,16.37333504091341,23.82540059916209
balanced_roi_side16,static,texture,dirt,16,32,8,0.25,0.25,1.0,0,0,14.92682975185744,25.238566995540168
balanced_roi_side16,static,texture,grass,19,40,3,0.075,0.075,1.0,0,0,16.786215949411456,24.24729309277609
balanced_roi_side16,static,texture,gym_floor,224,450,150,0.3333333333333333,0.3333333333333333,1.0,0,0,16.21623298225521,25.07535781041952
balanced_roi_side16,static,texture,tile,43,86,30,0.3488372093023256,0.3488372093023256,1.0,0,0,15.767975137054616,25.681091196020134
balanced_roi_side16,static,texture,wood,54,110,13,0.11818181818181818,0.11818181818181818,1.0,0,0,15.246102222590707,21.88302501599537
balanced_roi_side16,static,visibility_bin,0.40-0.70,19,37,9,0.24324324324324326,0.24324324324324326,1.0,0,0,16.4149314223323,22.28974811150692
balanced_roi_side16,static,visibility_bin,0.70-0.90,61,159,39,0.24528301886792453,0.24528301886792453,1.0,0,0,13.99651742740687,21.945983986370265
balanced_roi_side16,static,visibility_bin,<0.40,7,9,0,0.0,0.0,0.0,0,0,14.542651570601654,19.080581597518176
balanced_roi_side16,static,visibility_bin,>=0.90,313,601,176,0.2928452579034942,0.2928452579034942,1.0,0,0,16.341145440564897,25.035718205617737
balanced_roi_side16,temporal,difficulty,normal,480,1016,459,0.45177165354330706,0.45177165354330706,1.0,0,0,9.019153237022692,19.565554604923797
balanced_roi_side16,temporal,side_bin,18-22 px,8,8,0,0.0,0.0,0.0,0,0,4.798386875336291,6.129548799071927
balanced_roi_side16,temporal,side_bin,22-26 px,41,94,38,0.40425531914893614,0.40425531914893614,1.0,0,0,11.568837295138708,21.11159701598808
balanced_roi_side16,temporal,side_bin,26-32 px,71,201,78,0.3880597014925373,0.3880597014925373,1.0,0,0,12.78549488912612,22.132268990390003
balanced_roi_side16,temporal,side_bin,>=32 px,360,713,343,0.48106591865357645,0.48106591865357645,1.0,0,0,8.079761090387668,18.713233989547007
balanced_roi_side16,temporal,texture,asphalt,32,64,15,0.234375,0.234375,1.0,0,0,12.2048004741373,21.551348717184734
balanced_roi_side16,temporal,texture,concrete,16,40,18,0.45,0.45,1.0,0,0,9.461938378080959,14.256633985496592
balanced_roi_side16,temporal,texture,dirt,8,16,0,0.0,0.0,0.0,0,0,17.96576388005633,21.27667494496563
balanced_roi_side16,temporal,texture,grass,16,40,5,0.125,0.125,1.0,0,0,12.09648781514261,18.510124755266588
balanced_roi_side16,temporal,texture,gym_floor,288,560,298,0.5321428571428571,0.5321428571428571,1.0,0,0,8.71666042156802,20.097572650411163
balanced_roi_side16,temporal,texture,tile,64,168,71,0.4226190476190476,0.4226190476190476,1.0,0,0,8.610368562131043,20.23362781619652
balanced_roi_side16,temporal,texture,wood,56,128,52,0.40625,0.40625,1.0,0,0,6.93780748354454,13.656829003593884
balanced_roi_side16,temporal,visibility_bin,0.40-0.70,16,40,16,0.4,0.4,1.0,0,0,7.497018996218685,20.15503274742514
balanced_roi_side16,temporal,visibility_bin,0.70-0.90,88,224,77,0.34375,0.34375,1.0,0,0,6.858588014107557,13.812073584995224
balanced_roi_side16,temporal,visibility_bin,>=0.90,376,752,366,0.4867021276595745,0.4867021276595745,1.0,0,0,9.589589107951937,20.31422949221451
balanced_roi_side20,static,difficulty,hard,200,383,49,0.1279373368146214,0.1279373368146214,1.0,0,0,18.406635215651477,25.521848700009272
balanced_roi_side20,static,difficulty,normal,200,423,175,0.41371158392434987,0.41371158392434987,1.0,0,0,15.49843381944811,24.79110789718105
balanced_roi_side20,static,side_bin,14-18 px,3,6,0,0.0,0.0,0.0,0,0,17.95599766774103,20.79265511711128
balanced_roi_side20,static,side_bin,18-22 px,26,45,3,0.06666666666666667,0.06666666666666667,1.0,0,0,16.609543041200734,28.06200901250122
balanced_roi_side20,static,side_bin,22-26 px,68,140,26,0.18571428571428572,0.18571428571428572,1.0,0,0,18.298240000149235,26.67297529260395
balanced_roi_side20,static,side_bin,26-32 px,90,186,49,0.26344086021505375,0.26344086021505375,1.0,0,0,16.775476999464445,24.50464295252459
balanced_roi_side20,static,side_bin,>=32 px,213,429,146,0.34032634032634035,0.34032634032634035,1.0,0,0,16.625466877856933,25.417496799491342
balanced_roi_side20,static,texture,asphalt,21,44,8,0.18181818181818182,0.18181818181818182,1.0,0,0,14.163615617213683,20.651308994274586
balanced_roi_side20,static,texture,concrete,23,44,12,0.2727272727272727,0.2727272727272727,1.0,0,0,18.37389639062483,26.010705201770175
balanced_roi_side20,static,texture,dirt,16,32,8,0.25,0.25,1.0,0,0,16.44738331742701,27.477042749524117
balanced_roi_side20,static,texture,grass,19,40,3,0.075,0.075,1.0,0,0,18.85820073259406,27.02775178768206
balanced_roi_side20,static,texture,gym_floor,224,450,150,0.3333333333333333,0.3333333333333333,1.0,0,0,17.121424143364752,25.467623199801892
balanced_roi_side20,static,texture,tile,43,86,30,0.3488372093023256,0.3488372093023256,1.0,0,0,16.123599793117624,22.985862303175963
balanced_roi_side20,static,texture,wood,54,110,13,0.11818181818181818,0.11818181818181818,1.0,0,0,16.870379923299577,24.6310507907765
balanced_roi_side20,static,visibility_bin,0.40-0.70,19,37,9,0.24324324324324326,0.24324324324324326,1.0,0,0,18.231030895166395,24.949803794152086
balanced_roi_side20,static,visibility_bin,0.70-0.90,61,159,39,0.24528301886792453,0.24528301886792453,1.0,0,0,15.092293999528085,23.23016000445932
balanced_roi_side20,static,visibility_bin,<0.40,7,9,0,0.0,0.0,0.0,0,0,16.642050135747663,24.67235990043264
balanced_roi_side20,static,visibility_bin,>=0.90,313,601,176,0.2928452579034942,0.2928452579034942,1.0,0,0,17.244408738307698,25.53937439806759
balanced_roi_side20,temporal,difficulty,normal,480,1016,459,0.45177165354330706,0.45177165354330706,1.0,0,0,9.287245587681051,21.667745501326852
balanced_roi_side20,temporal,side_bin,18-22 px,8,8,0,0.0,0.0,0.0,0,0,4.724916627310449,5.885986196517479
balanced_roi_side20,temporal,side_bin,22-26 px,41,94,38,0.40425531914893614,0.40425531914893614,1.0,0,0,12.2560907826793,23.020710999844596
balanced_roi_side20,temporal,side_bin,26-32 px,71,201,78,0.3880597014925373,0.3880597014925373,1.0,0,0,12.229643039844772,18.460042512742803
balanced_roi_side20,temporal,side_bin,>=32 px,360,713,343,0.48106591865357645,0.48106591865357645,1.0,0,0,8.470206030971086,21.425348352931906
balanced_roi_side20,temporal,texture,asphalt,32,64,15,0.234375,0.234375,1.0,0,0,11.719999527485925,19.06564445089316
balanced_roi_side20,temporal,texture,concrete,16,40,18,0.45,0.45,1.0,0,0,9.275852313294308,14.272182750573847
balanced_roi_side20,temporal,texture,dirt,8,16,0,0.0,0.0,0.0,0,0,18.40800587524427,22.071801489801146
balanced_roi_side20,temporal,texture,grass,16,40,5,0.125,0.125,1.0,0,0,13.184371062379796,19.93315276922658
balanced_roi_side20,temporal,texture,gym_floor,288,560,298,0.5321428571428571,0.5321428571428571,1.0,0,0,9.004737969411913,21.90543564793188
balanced_roi_side20,temporal,texture,tile,64,168,71,0.4226190476190476,0.4226190476190476,1.0,0,0,9.28159942259299,23.315619245113336
balanced_roi_side20,temporal,texture,wood,56,128,52,0.40625,0.40625,1.0,0,0,6.943274606393451,13.667652252479456
balanced_roi_side20,temporal,visibility_bin,0.40-0.70,16,40,16,0.4,0.4,1.0,0,0,7.1393001217074925,18.99473849334754
balanced_roi_side20,temporal,visibility_bin,0.70-0.90,88,224,77,0.34375,0.34375,1.0,0,0,6.722085136557738,13.716825543087904
balanced_roi_side20,temporal,visibility_bin,>=0.90,376,752,366,0.4867021276595745,0.4867021276595745,1.0,0,0,9.979004223730064,22.101250491687097
balanced_roi_full8,static,difficulty,hard,200,383,49,0.1279373368146214,0.1279373368146214,1.0,0,0,21.505948326230282,35.66613569855689
balanced_roi_full8,static,difficulty,normal,200,423,175,0.41371158392434987,0.41371158392434987,1.0,0,0,18.144065604137722,39.4682112004375
balanced_roi_full8,static,side_bin,14-18 px,3,6,0,0.0,0.0,0.0,0,0,23.163048676603164,28.716656714095734
balanced_roi_full8,static,side_bin,18-22 px,26,45,3,0.06666666666666667,0.06666666666666667,1.0,0,0,21.930003613726093,37.5981747492915
balanced_roi_full8,static,side_bin,22-26 px,68,140,26,0.18571428571428572,0.18571428571428572,1.0,0,0,20.287525178419482,32.14557854371378
balanced_roi_full8,static,side_bin,26-32 px,90,186,49,0.26344086021505375,0.26344086021505375,1.0,0,0,20.223642432958716,36.00389684870606
balanced_roi_full8,static,side_bin,>=32 px,213,429,146,0.34032634032634035,0.34032634032634035,1.0,0,0,19.204948427174198,36.446268216241116
balanced_roi_full8,static,texture,asphalt,21,44,8,0.18181818181818182,0.18181818181818182,1.0,0,0,16.221043330872256,27.706726017640904
balanced_roi_full8,static,texture,concrete,23,44,12,0.2727272727272727,0.2727272727272727,1.0,0,0,19.575935222826008,27.76906530198175
balanced_roi_full8,static,texture,dirt,16,32,8,0.25,0.25,1.0,0,0,15.716080062702531,27.251861749391537
balanced_roi_full8,static,texture,grass,19,40,3,0.075,0.075,1.0,0,0,20.350059106835705,33.001376310130574
balanced_roi_full8,static,texture,gym_floor,224,450,150,0.3333333333333333,0.3333333333333333,1.0,0,0,20.740766893400828,39.19657360384008
balanced_roi_full8,static,texture,tile,43,86,30,0.3488372093023256,0.3488372093023256,1.0,0,0,19.510497628077648,38.63650349958333
balanced_roi_full8,static,texture,wood,54,110,13,0.11818181818181818,0.11818181818181818,1.0,0,0,18.817088515519302,30.585180869093158
balanced_roi_full8,static,visibility_bin,0.40-0.70,19,37,9,0.24324324324324326,0.24324324324324326,1.0,0,0,19.665644157947483,27.68880268558857
balanced_roi_full8,static,visibility_bin,0.70-0.90,61,159,39,0.24528301886792453,0.24528301886792453,1.0,0,0,16.93610037575842,29.74844499840401
balanced_roi_full8,static,visibility_bin,<0.40,7,9,0,0.0,0.0,0.0,0,0,19.162512716970273,25.668611691799015
balanced_roi_full8,static,visibility_bin,>=0.90,313,601,176,0.2928452579034942,0.2928452579034942,1.0,0,0,20.412510655375538,37.22372661577538
balanced_roi_full8,temporal,difficulty,normal,480,1016,459,0.45177165354330706,0.45177165354330706,1.0,0,0,9.840563302047181,22.093529200355977
balanced_roi_full8,temporal,side_bin,18-22 px,8,8,0,0.0,0.0,0.0,0,0,4.756675243697828,5.363092392508406
balanced_roi_full8,temporal,side_bin,22-26 px,41,94,38,0.40425531914893614,0.40425531914893614,1.0,0,0,11.425436000913246,20.077452005352825
balanced_roi_full8,temporal,side_bin,26-32 px,71,201,78,0.3880597014925373,0.3880597014925373,1.0,0,0,14.808550124912536,26.123781004571356
balanced_roi_full8,temporal,side_bin,>=32 px,360,713,343,0.48106591865357645,0.48106591865357645,1.0,0,0,8.79324180035231,21.274165956128854
balanced_roi_full8,temporal,texture,asphalt,32,64,15,0.234375,0.234375,1.0,0,0,12.757965592754772,21.765401105221823
balanced_roi_full8,temporal,texture,concrete,16,40,18,0.45,0.45,1.0,0,0,12.464822562833433,22.048601000278722
balanced_roi_full8,temporal,texture,dirt,8,16,0,0.0,0.0,0.0,0,0,22.146553499624133,29.313291594735347
balanced_roi_full8,temporal,texture,grass,16,40,5,0.125,0.125,1.0,0,0,12.525190501037287,18.17353899969021
balanced_roi_full8,temporal,texture,gym_floor,288,560,298,0.5321428571428571,0.5321428571428571,1.0,0,0,9.442232152145557,22.88077456614699
balanced_roi_full8,temporal,texture,tile,64,168,71,0.4226190476190476,0.4226190476190476,1.0,0,0,8.967639331331156,20.045378705253825
balanced_roi_full8,temporal,texture,wood,56,128,52,0.40625,0.40625,1.0,0,0,7.944840570936711,16.70875623676693
balanced_roi_full8,temporal,visibility_bin,0.40-0.70,16,40,16,0.4,0.4,1.0,0,0,7.833775940525811,19.658442011859734
balanced_roi_full8,temporal,visibility_bin,0.70-0.90,88,224,77,0.34375,0.34375,1.0,0,0,7.379097250536275,13.946535355353259
balanced_roi_full8,temporal,visibility_bin,>=0.90,376,752,366,0.4867021276595745,0.4867021276595745,1.0,0,0,10.502046308210218,23.83108348294627
balanced_roi_full16,static,difficulty,hard,200,383,49,0.1279373368146214,0.1279373368146214,1.0,0,0,17.768318001035368,25.214006261376195
balanced_roi_full16,static,difficulty,normal,200,423,175,0.41371158392434987,0.41371158392434987,1.0,0,0,14.716430016123923,24.9866960075451
balanced_roi_full16,static,side_bin,14-18 px,3,6,0,0.0,0.0,0.0,0,0,17.779511011516053,20.43445422023069
balanced_roi_full16,static,side_bin,18-22 px,26,45,3,0.06666666666666667,0.06666666666666667,1.0,0,0,16.08895527561589,25.27610424294835
balanced_roi_full16,static,side_bin,22-26 px,68,140,26,0.18571428571428572,0.18571428571428572,1.0,0,0,17.23451224996311,25.83613243768923
balanced_roi_full16,static,side_bin,26-32 px,90,186,49,0.26344086021505375,0.26344086021505375,1.0,0,0,16.499324779983404,25.772298949596006
balanced_roi_full16,static,side_bin,>=32 px,213,429,146,0.34032634032634035,0.34032634032634035,1.0,0,0,15.81414164335821,24.359296000329774
balanced_roi_full16,static,texture,asphalt,21,44,8,0.18181818181818182,0.18181818181818182,1.0,0,0,13.870058337315207,21.25895701465197
balanced_roi_full16,static,texture,concrete,23,44,12,0.2727272727272727,0.2727272727272727,1.0,0,0,17.590516650512733,28.06716710911132
balanced_roi_full16,static,texture,dirt,16,32,8,0.25,0.25,1.0,0,0,14.871422750729835,23.032279998005833
balanced_roi_full16,static,texture,grass,19,40,3,0.075,0.075,1.0,0,0,17.290396582163673,21.511996016488407
balanced_roi_full16,static,texture,gym_floor,224,450,150,0.3333333333333333,0.3333333333333333,1.0,0,0,16.598830312951968,25.452760131156538
balanced_roi_full16,static,texture,tile,43,86,30,0.3488372093023256,0.3488372093023256,1.0,0,0,15.97895774500293,26.764236608869393
balanced_roi_full16,static,texture,wood,54,110,13,0.11818181818181818,0.11818181818181818,1.0,0,0,15.35931524402393,22.40703365532681
balanced_roi_full16,static,visibility_bin,0.40-0.70,19,37,9,0.24324324324324326,0.24324324324324326,1.0,0,0,17.745256109935184,25.175440000020888
balanced_roi_full16,static,visibility_bin,0.70-0.90,61,159,39,0.24528301886792453,0.24528301886792453,1.0,0,0,14.102965770823667,21.883249981328845
balanced_roi_full16,static,visibility_bin,<0.40,7,9,0,0.0,0.0,0.0,0,0,17.440710146079905,23.969865401159037
balanced_roi_full16,static,visibility_bin,>=0.90,313,601,176,0.2928452579034942,0.2928452579034942,1.0,0,0,16.541290269329988,25.411360588623207
balanced_roi_full16,temporal,difficulty,normal,480,1016,459,0.45177165354330706,0.45177165354330706,1.0,0,0,8.648753787262345,18.461923892027695
balanced_roi_full16,temporal,side_bin,18-22 px,8,8,0,0.0,0.0,0.0,0,0,4.795256256329594,5.409869013237767
balanced_roi_full16,temporal,side_bin,22-26 px,41,94,38,0.40425531914893614,0.40425531914893614,1.0,0,0,10.825629047935873,22.099555004388094
balanced_roi_full16,temporal,side_bin,26-32 px,71,201,78,0.3880597014925373,0.3880597014925373,1.0,0,0,12.060709054988454,19.65263999591116
balanced_roi_full16,temporal,side_bin,>=32 px,360,713,343,0.48106591865357645,0.48106591865357645,1.0,0,0,7.8135517610159395,17.698055805522017
balanced_roi_full16,temporal,texture,asphalt,32,64,15,0.234375,0.234375,1.0,0,0,11.191729277015838,18.905845361587126
balanced_roi_full16,temporal,texture,concrete,16,40,18,0.45,0.45,1.0,0,0,10.101588184625143,15.424732249812223
balanced_roi_full16,temporal,texture,dirt,8,16,0,0.0,0.0,0.0,0,0,17.29862962383777,20.72386240615742
balanced_roi_full16,temporal,texture,grass,16,40,5,0.125,0.125,1.0,0,0,12.084388185030548,16.07454475015402
balanced_roi_full16,temporal,texture,gym_floor,288,560,298,0.5321428571428571,0.5321428571428571,1.0,0,0,8.262266614918998,18.51559870119672
balanced_roi_full16,temporal,texture,tile,64,168,71,0.4226190476190476,0.4226190476190476,1.0,0,0,8.24552718677296,19.70638199127278
balanced_roi_full16,temporal,texture,wood,56,128,52,0.40625,0.40625,1.0,0,0,7.011701733322947,13.039958255831152
balanced_roi_full16,temporal,visibility_bin,0.40-0.70,16,40,16,0.4,0.4,1.0,0,0,6.84173050285608,18.279407020600047
balanced_roi_full16,temporal,visibility_bin,0.70-0.90,88,224,77,0.34375,0.34375,1.0,0,0,6.63320462395363,13.018162343360014
balanced_roi_full16,temporal,visibility_bin,>=0.90,376,752,366,0.4867021276595745,0.4867021276595745,1.0,0,0,9.197372667373163,18.88086427061353
balanced_roi_full32,static,difficulty,hard,200,383,49,0.1279373368146214,0.1279373368146214,1.0,0,0,17.55519993035705,24.855262055643834
balanced_roi_full32,static,difficulty,normal,200,423,175,0.41371158392434987,0.41371158392434987,1.0,0,0,14.58985563062015,24.95986833964707
balanced_roi_full32,static,side_bin,14-18 px,3,6,0,0.0,0.0,0.0,0,0,17.743388666228082,20.230483793420717
balanced_roi_full32,static,side_bin,18-22 px,26,45,3,0.06666666666666667,0.06666666666666667,1.0,0,0,15.616843078392916,21.819918001710903
balanced_roi_full32,static,side_bin,22-26 px,68,140,26,0.18571428571428572,0.18571428571428572,1.0,0,0,17.025428617403925,24.97502610058291
balanced_roi_full32,static,side_bin,26-32 px,90,186,49,0.26344086021505375,0.26344086021505375,1.0,0,0,16.105612500299078,24.92235190293286
balanced_roi_full32,static,side_bin,>=32 px,213,429,146,0.34032634032634035,0.34032634032634035,1.0,0,0,15.786426080507773,24.85570299322716
balanced_roi_full32,static,texture,asphalt,21,44,8,0.18181818181818182,0.18181818181818182,1.0,0,0,14.380691476011028,20.182387001113966
balanced_roi_full32,static,texture,concrete,23,44,12,0.2727272727272727,0.2727272727272727,1.0,0,0,17.334427346688006,27.135208409163166
balanced_roi_full32,static,texture,dirt,16,32,8,0.25,0.25,1.0,0,0,13.729781185247703,22.61953175184317
balanced_roi_full32,static,texture,grass,19,40,3,0.075,0.075,1.0,0,0,18.859082999896554,25.164633090025742
balanced_roi_full32,static,texture,gym_floor,224,450,150,0.3333333333333333,0.3333333333333333,1.0,0,0,16.16717986222024,24.8430237537832
balanced_roi_full32,static,texture,tile,43,86,30,0.3488372093023256,0.3488372093023256,1.0,0,0,16.05216644062704,27.194088284159076
balanced_roi_full32,static,texture,wood,54,110,13,0.11818181818181818,0.11818181818181818,1.0,0,0,15.530263707020183,23.206413311709184
balanced_roi_full32,static,visibility_bin,0.40-0.70,19,37,9,0.24324324324324326,0.24324324324324326,1.0,0,0,17.420860630839965,25.04901459033135
balanced_roi_full32,static,visibility_bin,0.70-0.90,61,159,39,0.24528301886792453,0.24528301886792453,1.0,0,0,13.958823572764112,21.791748993564397
balanced_roi_full32,static,visibility_bin,<0.40,7,9,0,0.0,0.0,0.0,0,0,17.710633862796904,26.902870181947943
balanced_roi_full32,static,visibility_bin,>=0.90,313,601,176,0.2928452579034942,0.2928452579034942,1.0,0,0,16.365981102975372,24.949258589185774
balanced_roi_full32,temporal,difficulty,normal,480,1016,459,0.45177165354330706,0.45177165354330706,1.0,0,0,8.657619371054656,18.787659921508745
balanced_roi_full32,temporal,side_bin,18-22 px,8,8,0,0.0,0.0,0.0,0,0,4.6824357559671625,5.048090702621266
balanced_roi_full32,temporal,side_bin,22-26 px,41,94,38,0.40425531914893614,0.40425531914893614,1.0,0,0,10.43424892406797,19.294066994916648
balanced_roi_full32,temporal,side_bin,26-32 px,71,201,78,0.3880597014925373,0.3880597014925373,1.0,0,0,11.973174013407297,19.509717996697873
balanced_roi_full32,temporal,side_bin,>=32 px,360,713,343,0.48106591865357645,0.48106591865357645,1.0,0,0,7.889717364499423,18.663555684906896
balanced_roi_full32,temporal,texture,asphalt,32,64,15,0.234375,0.234375,1.0,0,0,12.306064529184368,18.89020833332324
balanced_roi_full32,temporal,texture,concrete,16,40,18,0.45,0.45,1.0,0,0,9.216965061568771,13.679077004780993
balanced_roi_full32,temporal,texture,dirt,8,16,0,0.0,0.0,0.0,0,0,17.9835381313751,23.638545106223315
balanced_roi_full32,temporal,texture,grass,16,40,5,0.125,0.125,1.0,0,0,11.970215315159294,17.400083495886065
balanced_roi_full32,temporal,texture,gym_floor,288,560,298,0.5321428571428571,0.5321428571428571,1.0,0,0,8.314706486291673,18.969714012928304
balanced_roi_full32,temporal,texture,tile,64,168,71,0.4226190476190476,0.4226190476190476,1.0,0,0,8.002070406746498,18.765612103743464
balanced_roi_full32,temporal,texture,wood,56,128,52,0.40625,0.40625,1.0,0,0,6.647001214462632,12.088707997463644
balanced_roi_full32,temporal,visibility_bin,0.40-0.70,16,40,16,0.4,0.4,1.0,0,0,6.875325503642671,20.244274732249323
balanced_roi_full32,temporal,visibility_bin,0.70-0.90,88,224,77,0.34375,0.34375,1.0,0,0,6.504209263684143,13.02246190898586
balanced_roi_full32,temporal,visibility_bin,>=0.90,376,752,366,0.4867021276595745,0.4867021276595745,1.0,0,0,9.237451262882306,19.140083255479112
balanced_roi_thr1,static,difficulty,hard,200,383,49,0.1279373368146214,0.1279373368146214,1.0,0,0,27.079090489278315,38.963527641317334
balanced_roi_thr1,static,difficulty,normal,200,423,175,0.41371158392434987,0.41371158392434987,1.0,0,0,21.73306515585864,37.322446519101504
balanced_roi_thr1,static,side_bin,14-18 px,3,6,0,0.0,0.0,0.0,0,0,31.551406990426283,32.83959229593165
balanced_roi_thr1,static,side_bin,18-22 px,26,45,3,0.06666666666666667,0.06666666666666667,1.0,0,0,25.6512249235619,41.769723502511624
balanced_roi_thr1,static,side_bin,22-26 px,68,140,26,0.18571428571428572,0.18571428571428572,1.0,0,0,26.984833191176328,37.46862561238231
balanced_roi_thr1,static,side_bin,26-32 px,90,186,49,0.26344086021505375,0.26344086021505375,1.0,0,0,23.703312022391604,37.9440605014679
balanced_roi_thr1,static,side_bin,>=32 px,213,429,146,0.34032634032634035,0.34032634032634035,1.0,0,0,23.627128267738346,37.861472793156274
balanced_roi_thr1,static,texture,asphalt,21,44,8,0.18181818181818182,0.18181818181818182,1.0,0,0,21.63175814591038,37.015080015407875
balanced_roi_thr1,static,texture,concrete,23,44,12,0.2727272727272727,0.2727272727272727,1.0,0,0,25.814645999597143,37.278419101494364
balanced_roi_thr1,static,texture,dirt,16,32,8,0.25,0.25,1.0,0,0,26.70871424197685,68.62592123798095
balanced_roi_thr1,static,texture,grass,19,40,3,0.075,0.075,1.0,0,0,26.138492317649682,36.33510698273312
balanced_roi_thr1,static,texture,gym_floor,224,450,150,0.3333333333333333,0.3333333333333333,1.0,0,0,24.642626183776883,38.5240385090583
balanced_roi_thr1,static,texture,tile,43,86,30,0.3488372093023256,0.3488372093023256,1.0,0,0,23.786212113241902,38.04416460334323
balanced_roi_thr1,static,texture,wood,54,110,13,0.11818181818181818,0.11818181818181818,1.0,0,0,23.105577445002616,35.30871420225594
balanced_roi_thr1,static,visibility_bin,0.40-0.70,19,37,9,0.24324324324324326,0.24324324324324326,1.0,0,0,25.54865157243943,35.26705588155891
balanced_roi_thr1,static,visibility_bin,0.70-0.90,61,159,39,0.24528301886792453,0.24528301886792453,1.0,0,0,20.23313459071911,34.877383994171396
balanced_roi_thr1,static,visibility_bin,<0.40,7,9,0,0.0,0.0,0.0,0,0,23.84815557161346,32.229964013095014
balanced_roi_thr1,static,visibility_bin,>=0.90,313,601,176,0.2928452579034942,0.2928452579034942,1.0,0,0,25.162455112191317,38.69763520197011
balanced_roi_thr1,temporal,difficulty,normal,480,1016,459,0.45177165354330706,0.45177165354330706,1.0,0,0,10.985579089295546,28.925145347602662
balanced_roi_thr1,temporal,side_bin,18-22 px,8,8,0,0.0,0.0,0.0,0,0,3.548896249412792,3.954246408829931
balanced_roi_thr1,temporal,side_bin,22-26 px,41,94,38,0.40425531914893614,0.40425531914893614,1.0,0,0,13.970459928514618,29.70114297932014
balanced_roi_thr1,temporal,side_bin,26-32 px,71,201,78,0.3880597014925373,0.3880597014925373,1.0,0,0,15.944208533742504,28.86921149911359
balanced_roi_thr1,temporal,side_bin,>=32 px,360,713,343,0.48106591865357645,0.48106591865357645,1.0,0,0,9.83294202750484,28.714524101815186
balanced_roi_thr1,temporal,texture,asphalt,32,64,15,0.234375,0.234375,1.0,0,0,14.628712030571478,26.48133096517994
balanced_roi_thr1,temporal,texture,concrete,16,40,18,0.45,0.45,1.0,0,0,11.921758996322751,19.682525751704816
balanced_roi_thr1,temporal,texture,dirt,8,16,0,0.0,0.0,0.0,0,0,26.95337312252377,32.82264219742501
balanced_roi_thr1,temporal,texture,grass,16,40,5,0.125,0.125,1.0,0,0,15.504052877076901,23.3600185092655
balanced_roi_thr1,temporal,texture,gym_floor,288,560,298,0.5321428571428571,0.5321428571428571,1.0,0,0,10.687254481935168,29.52649079088587
balanced_roi_thr1,temporal,texture,tile,64,168,71,0.4226190476190476,0.4226190476190476,1.0,0,0,10.176842750752257,28.441280328843263
balanced_roi_thr1,temporal,texture,wood,56,128,52,0.40625,0.40625,1.0,0,0,7.5227138586342335,16.812953501357697
balanced_roi_thr1,temporal,visibility_bin,0.40-0.70,16,40,16,0.4,0.4,1.0,0,0,10.491595685380162,31.208378240989987
balanced_roi_thr1,temporal,visibility_bin,0.70-0.90,88,224,77,0.34375,0.34375,1.0,0,0,7.091263896489346,18.028930250147823
balanced_roi_thr1,temporal,visibility_bin,>=0.90,376,752,366,0.4867021276595745,0.4867021276595745,1.0,0,0,11.918035130331694,29.519223746319767
balanced_roi_thr2,static,difficulty,hard,200,383,49,0.1279373368146214,0.1279373368146214,1.0,0,0,19.623598539765226,35.773423197679215
balanced_roi_thr2,static,difficulty,normal,200,423,175,0.41371158392434987,0.41371158392434987,1.0,0,0,12.825461720640305,22.2459777345648
balanced_roi_thr2,static,side_bin,14-18 px,3,6,0,0.0,0.0,0.0,0,0,34.457374994720645,62.65284559922292
balanced_roi_thr2,static,side_bin,18-22 px,26,45,3,0.06666666666666667,0.06666666666666667,1.0,0,0,15.04299807577179,22.388942234101705
balanced_roi_thr2,static,side_bin,22-26 px,68,140,26,0.18571428571428572,0.18571428571428572,1.0,0,0,17.893770383499728,27.724686567671597
balanced_roi_thr2,static,side_bin,26-32 px,90,186,49,0.26344086021505375,0.26344086021505375,1.0,0,0,16.52603168848954,31.357134107383892
balanced_roi_thr2,static,side_bin,>=32 px,213,429,146,0.34032634032634035,0.34032634032634035,1.0,0,0,15.451656052041493,27.895024791359873
balanced_roi_thr2,static,texture,asphalt,21,44,8,0.18181818181818182,0.18181818181818182,1.0,0,0,13.771693140456808,19.771077000768855
balanced_roi_thr2,static,texture,concrete,23,44,12,0.2727272727272727,0.2727272727272727,1.0,0,0,16.228212480200455,24.594989194883965
balanced_roi_thr2,static,texture,dirt,16,32,8,0.25,0.25,1.0,0,0,14.893421563101583,26.060639262141194
balanced_roi_thr2,static,texture,grass,19,40,3,0.075,0.075,1.0,0,0,16.923422321652698,28.480284209945236
balanced_roi_thr2,static,texture,gym_floor,224,450,150,0.3333333333333333,0.3333333333333333,1.0,0,0,16.189754887818708,28.818120430514682
balanced_roi_thr2,static,texture,tile,43,86,30,0.3488372093023256,0.3488372093023256,1.0,0,0,16.5645063274031,27.6600228913594
balanced_roi_thr2,static,texture,wood,54,110,13,0.11818181818181818,0.11818181818181818,1.0,0,0,17.198869870669483,36.554956046165884
balanced_roi_thr2,static,visibility_bin,0.40-0.70,19,37,9,0.24324324324324326,0.24324324324324326,1.0,0,0,16.582763157968753,25.62111240113151
balanced_roi_thr2,static,visibility_bin,0.70-0.90,61,159,39,0.24528301886792453,0.24528301886792453,1.0,0,0,13.571861197171947,24.64179799426347
balanced_roi_thr2,static,visibility_bin,<0.40,7,9,0,0.0,0.0,0.0,0,0,14.809676001147766,23.72782919555902
balanced_roi_thr2,static,visibility_bin,>=0.90,313,601,176,0.2928452579034942,0.2928452579034942,1.0,0,0,16.751400278096412,30.672139616217436
balanced_roi_thr2,temporal,difficulty,normal,480,1016,459,0.45177165354330706,0.45177165354330706,1.0,0,0,12.06016752839787,34.28221375070274
balanced_roi_thr2,temporal,side_bin,18-22 px,8,8,0,0.0,0.0,0.0,0,0,3.0262167456385214,3.4905725944554433
balanced_roi_thr2,temporal,side_bin,22-26 px,41,94,38,0.40425531914893614,0.40425531914893614,1.0,0,0,15.603274195000711,34.216870000818744
balanced_roi_thr2,temporal,side_bin,26-32 px,71,201,78,0.3880597014925373,0.3880597014925373,1.0,0,0,18.930672858530183,58.20566449256148
balanced_roi_thr2,temporal,side_bin,>=32 px,360,713,343,0.48106591865357645,0.48106591865357645,1.0,0,0,10.502385179764437,33.3867009030655
balanced_roi_thr2,temporal,texture,asphalt,32,64,15,0.234375,0.234375,1.0,0,0,22.673356529594457,67.00529055087826
balanced_roi_thr2,temporal,texture,concrete,16,40,18,0.45,0.45,1.0,0,0,14.092493183852639,24.320992502907757
balanced_roi_thr2,temporal,texture,dirt,8,16,0,0.0,0.0,0.0,0,0,54.061001996160485,80.71796725416787
balanced_roi_thr2,temporal,texture,grass,16,40,5,0.125,0.125,1.0,0,0,15.621313998053665,22.28865125653101
balanced_roi_thr2,temporal,texture,gym_floor,288,560,298,0.5321428571428571,0.5321428571428571,1.0,0,0,10.64191190905856,31.554099792265315
balanced_roi_thr2,temporal,texture,tile,64,168,71,0.4226190476190476,0.4226190476190476,1.0,0,0,10.930555874438141,33.530703255382825
balanced_roi_thr2,temporal,texture,wood,56,128,52,0.40625,0.40625,1.0,0,0,6.98210478627256,18.878436734667048
balanced_roi_thr2,temporal,visibility_bin,0.40-0.70,16,40,16,0.4,0.4,1.0,0,0,14.74434675219527,51.59289600123884
balanced_roi_thr2,temporal,visibility_bin,0.70-0.90,88,224,77,0.34375,0.34375,1.0,0,0,6.678918773435395,16.103703404951368
balanced_roi_thr2,temporal,visibility_bin,>=0.90,376,752,366,0.4867021276595745,0.4867021276595745,1.0,0,0,13.205388333865793,37.47348974138731
balanced_roi_thr3,static,difficulty,hard,200,383,49,0.1279373368146214,0.1279373368146214,1.0,0,0,17.308739630389027,24.407624143350404
balanced_roi_thr3,static,difficulty,normal,200,423,175,0.41371158392434987,0.41371158392434987,1.0,0,0,14.595858976244926,24.45125006488524
balanced_roi_thr3,static,side_bin,14-18 px,3,6,0,0.0,0.0,0.0,0,0,19.68962400375555,21.851525190868415
balanced_roi_thr3,static,side_bin,18-22 px,26,45,3,0.06666666666666667,0.06666666666666667,1.0,0,0,14.916729495430795,20.335777750005946
balanced_roi_thr3,static,side_bin,22-26 px,68,140,26,0.18571428571428572,0.18571428571428572,1.0,0,0,17.548630969780362,26.66517475154251
balanced_roi_thr3,static,side_bin,26-32 px,90,186,49,0.26344086021505375,0.26344086021505375,1.0,0,0,15.855645155534148,24.53903479326982
balanced_roi_thr3,static,side_bin,>=32 px,213,429,146,0.34032634032634035,0.34032634032634035,1.0,0,0,15.55728127930134,23.59320081304758
balanced_roi_thr3,static,texture,asphalt,21,44,8,0.18181818181818182,0.18181818181818182,1.0,0,0,15.318090572864527,24.109323974698782
balanced_roi_thr3,static,texture,concrete,23,44,12,0.2727272727272727,0.2727272727272727,1.0,0,0,16.701893436813567,23.898312798701227
balanced_roi_thr3,static,texture,dirt,16,32,8,0.25,0.25,1.0,0,0,13.55760913065751,21.09876774920849
balanced_roi_thr3,static,texture,grass,19,40,3,0.075,0.075,1.0,0,0,18.196596106894216,24.315177611424588
balanced_roi_thr3,static,texture,gym_floor,224,450,150,0.3333333333333333,0.3333333333333333,1.0,0,0,16.0262389068261,24.638683113153093
balanced_roi_thr3,static,texture,tile,43,86,30,0.3488372093023256,0.3488372093023256,1.0,0,0,15.64738672053398,24.384015594841912
balanced_roi_thr3,static,texture,wood,54,110,13,0.11818181818181818,0.11818181818181818,1.0,0,0,15.73563062993344,23.25987393123796
balanced_roi_thr3,static,visibility_bin,0.40-0.70,19,37,9,0.24324324324324326,0.24324324324324326,1.0,0,0,15.866753371052543,23.185023077530783
balanced_roi_thr3,static,visibility_bin,0.70-0.90,61,159,39,0.24528301886792453,0.24528301886792453,1.0,0,0,14.185471065651594,22.70776900695637
balanced_roi_thr3,static,visibility_bin,<0.40,7,9,0,0.0,0.0,0.0,0,0,15.658522573565799,22.503981503541578
balanced_roi_thr3,static,visibility_bin,>=0.90,313,601,176,0.2928452579034942,0.2928452579034942,1.0,0,0,16.308396211683977,24.631120410049334
balanced_roi_thr3,temporal,difficulty,normal,480,1016,459,0.45177165354330706,0.45177165354330706,1.0,0,0,8.875286845795927,18.099644142785106
balanced_roi_thr3,temporal,side_bin,18-22 px,8,8,0,0.0,0.0,0.0,0,0,4.244044132065028,4.430223346571438
balanced_roi_thr3,temporal,side_bin,22-26 px,41,94,38,0.40425531914893614,0.40425531914893614,1.0,0,0,10.91073197383638,20.28440701542422
balanced_roi_thr3,temporal,side_bin,26-32 px,71,201,78,0.3880597014925373,0.3880597014925373,1.0,0,0,12.16793192909624,19.07918250071816
balanced_roi_thr3,temporal,side_bin,>=32 px,360,713,343,0.48106591865357645,0.48106591865357645,1.0,0,0,8.097005986201111,17.903485997521784
balanced_roi_thr3,temporal,texture,asphalt,32,64,15,0.234375,0.234375,1.0,0,0,11.199715717339132,17.555966187501326
balanced_roi_thr3,temporal,texture,concrete,16,40,18,0.45,0.45,1.0,0,0,10.36192724495777,15.112441993551329
balanced_roi_thr3,temporal,texture,dirt,8,16,0,0.0,0.0,0.0,0,0,17.870771123853046,21.013047095038925
balanced_roi_thr3,temporal,texture,grass,16,40,5,0.125,0.125,1.0,0,0,12.624856062757317,17.57219673891086
balanced_roi_thr3,temporal,texture,gym_floor,288,560,298,0.5321428571428571,0.5321428571428571,1.0,0,0,8.465982160386273,18.037644650030412
balanced_roi_thr3,temporal,texture,tile,64,168,71,0.4226190476190476,0.4226190476190476,1.0,0,0,8.772819734531367,21.406178784673088
balanced_roi_thr3,temporal,texture,wood,56,128,52,0.40625,0.40625,1.0,0,0,6.988013498422723,12.476723233703524
balanced_roi_thr3,temporal,visibility_bin,0.40-0.70,16,40,16,0.4,0.4,1.0,0,0,7.917137629192439,21.55675649555633
balanced_roi_thr3,temporal,visibility_bin,0.70-0.90,88,224,77,0.34375,0.34375,1.0,0,0,6.996248261037346,13.158267251856158
balanced_roi_thr3,temporal,visibility_bin,>=0.90,376,752,366,0.4867021276595745,0.4867021276595745,1.0,0,0,9.355834140807657,19.186136247299146
balanced_roi_thr4,static,difficulty,hard,200,383,49,0.1279373368146214,0.1279373368146214,1.0,0,0,19.52067865378922,28.632913209730756
balanced_roi_thr4,static,difficulty,normal,200,423,175,0.41371158392434987,0.41371158392434987,1.0,0,0,16.42853721525171,28.91801790246972
balanced_roi_thr4,static,side_bin,14-18 px,3,6,0,0.0,0.0,0.0,0,0,23.256847334171955,26.51492308359593
balanced_roi_thr4,static,side_bin,18-22 px,26,45,3,0.06666666666666667,0.06666666666666667,1.0,0,0,16.92581876704935,27.302497263008263
balanced_roi_thr4,static,side_bin,22-26 px,68,140,26,0.18571428571428572,0.18571428571428572,1.0,0,0,19.629420352216318,29.4580852962099
balanced_roi_thr4,static,side_bin,26-32 px,90,186,49,0.26344086021505375,0.26344086021505375,1.0,0,0,17.829433765857377,29.318274690012913
balanced_roi_thr4,static,side_bin,>=32 px,213,429,146,0.34032634032634035,0.34032634032634035,1.0,0,0,17.5612756853733,28.406146605266258
balanced_roi_thr4,static,texture,asphalt,21,44,8,0.18181818181818182,0.18181818181818182,1.0,0,0,15.807807523136338,23.91974799684249
balanced_roi_thr4,static,texture,concrete,23,44,12,0.2727272727272727,0.2727272727272727,1.0,0,0,19.20262899796438,31.811499799368892
balanced_roi_thr4,static,texture,dirt,16,32,8,0.25,0.25,1.0,0,0,17.02613400084374,25.997845514211804
balanced_roi_thr4,static,texture,grass,19,40,3,0.075,0.075,1.0,0,0,19.692925681164,28.37544350768439
balanced_roi_thr4,static,texture,gym_floor,224,450,150,0.3333333333333333,0.3333333333333333,1.0,0,0,18.191694119715457,28.41459040355403
balanced_roi_thr4,static,texture,tile,43,86,30,0.3488372093023256,0.3488372093023256,1.0,0,0,18.439380371493698,31.18589280929882
balanced_roi_thr4,static,texture,wood,54,110,13,0.11818181818181818,0.11818181818181818,1.0,0,0,16.70004033561175,25.046300754183882
balanced_roi_thr4,static,visibility_bin,0.40-0.70,19,37,9,0.24324324324324326,0.24324324324324326,1.0,0,0,19.28999294882248,27.091722420300357
balanced_roi_thr4,static,visibility_bin,0.70-0.90,61,159,39,0.24528301886792453,0.24528301886792453,1.0,0,0,15.310445689733644,23.359243001323193
balanced_roi_thr4,static,visibility_bin,<0.40,7,9,0,0.0,0.0,0.0,0,0,15.386386716272682,20.76121362042613
balanced_roi_thr4,static,visibility_bin,>=0.90,313,601,176,0.2928452579034942,0.2928452579034942,1.0,0,0,18.471857551734495,29.31548558990471
balanced_roi_thr4,temporal,difficulty,normal,480,1016,459,0.45177165354330706,0.45177165354330706,1.0,0,0,9.390375220755232,19.94136255525516
balanced_roi_thr4,temporal,side_bin,18-22 px,8,8,0,0.0,0.0,0.0,0,0,4.916238001897,5.4449993011076
balanced_roi_thr4,temporal,side_bin,22-26 px,41,94,38,0.40425531914893614,0.40425531914893614,1.0,0,0,12.606605023526155,21.51634800247848
balanced_roi_thr4,temporal,side_bin,26-32 px,71,201,78,0.3880597014925373,0.3880597014925373,1.0,0,0,12.646071451329167,19.005908514373004
balanced_roi_thr4,temporal,side_bin,>=32 px,360,713,343,0.48106591865357645,0.48106591865357645,1.0,0,0,8.4814120081622,20.411303926084656
balanced_roi_thr4,temporal,texture,asphalt,32,64,15,0.234375,0.234375,1.0,0,0,11.595018438129046,18.330282910028473
balanced_roi_thr4,temporal,texture,concrete,16,40,18,0.45,0.45,1.0,0,0,11.21719730872428,15.935299008560833
balanced_roi_thr4,temporal,texture,dirt,8,16,0,0.0,0.0,0.0,0,0,18.089335502736503,21.297921994118948
balanced_roi_thr4,temporal,texture,grass,16,40,5,0.125,0.125,1.0,0,0,12.883387933470658,19.397054478758946
balanced_roi_thr4,temporal,texture,gym_floor,288,560,298,0.5321428571428571,0.5321428571428571,1.0,0,0,8.971907104043769,20.205773998168276
balanced_roi_thr4,temporal,texture,tile,64,168,71,0.4226190476190476,0.4226190476190476,1.0,0,0,9.684588844265818,21.688722104590852
balanced_roi_thr4,temporal,texture,wood,56,128,52,0.40625,0.40625,1.0,0,0,7.183795286567017,12.896136766357813
balanced_roi_thr4,temporal,visibility_bin,0.40-0.70,16,40,16,0.4,0.4,1.0,0,0,7.283553184606717,18.747469744994305
balanced_roi_thr4,temporal,visibility_bin,0.70-0.90,88,224,77,0.34375,0.34375,1.0,0,0,7.365840523231203,14.290233241626987
balanced_roi_thr4,temporal,visibility_bin,>=0.90,376,752,366,0.4867021276595745,0.4867021276595745,1.0,0,0,9.95385449192675,20.876008755294606
