variant,benchmark,frames,gt_markers,predictions,localized,correct_id,wrong_id,false_positive,false_negative,localization_precision,localization_recall,localization_f1,id_precision,id_recall,id_f1,id_error_rate_among_localized,mean_latency_ms,p50_latency_ms,p95_latency_ms,p99_latency_ms,max_latency_ms,fps_equivalent_mean,frames_le_16_67ms_pct,frames_le_8_33ms_pct,mean_aruco_ms,p95_aruco_ms,mean_dedup_ms,mean_track_ms,full_calls,roi_calls,roi_retry,roi_retry_ok,rescan,raw_candidates,kept,removed
speed_roi,static,400,806,132,132,131,1,0,674,1.0,0.16377171215880892,0.2814498933901919,0.9924242424242424,0.16253101736972705,0.27931769722814503,0.007575757575757576,12.483786568263895,12.699805505690165,18.820119150041137,20.44590721372515,22.070709004765376,80.10390073010267,82.25,15.75,12.434853365994059,18.782509221637156,0.014435057528316975,0.012079305452061817,400,0,0,0,0,132,132,0
speed_roi,temporal,480,1016,295,295,295,0,0,721,1.0,0.2903543307086614,0.4500381388253242,1.0,0.2903543307086614,0.4500381388253242,0.0,8.376667207933982,7.808333495631814,17.756468962761573,21.794312459242057,39.431401004549116,119.37922030050893,93.125,54.375,8.187989667021611,17.369338683784008,0.02001238669132969,0.0586786845815368,385,95,11,0,11,295,295,0
balanced_roi,static,400,806,224,224,224,0,0,582,1.0,0.27791563275434245,0.43495145631067966,1.0,0.27791563275434245,0.43495145631067966,0.0,15.71547327483131,15.711810017819516,24.815964061417606,28.720226153382093,31.561940995743498,63.631554870289705,55.5,9.25,15.650439645178267,24.776751927856814,0.019391562382224947,0.0195728697872255,400,0,0,0,0,224,224,0
balanced_roi,temporal,480,1016,459,459,459,0,0,557,1.0,0.45177165354330706,0.6223728813559323,1.0,0.45177165354330706,0.6223728813559323,0.0,8.728857859023265,8.298469503642991,19.005882140481845,23.259413801133622,28.80789097980596,114.56252537853759,88.54166666666667,50.833333333333336,8.47510411846694,18.887954353704117,0.02377537924379188,0.0897098997180971,319,161,13,0,13,459,459,0
quality_roi,static,400,806,307,307,303,4,0,499,1.0,0.38089330024813894,0.5516621743036837,0.9869706840390879,0.3759305210918114,0.5444743935309972,0.013029315960912053,22.824245816882467,22.309375999611802,35.709786164807156,41.77215073956174,52.42745002033189,43.813057746702306,21.5,0.5,22.0486582803278,34.172117456910186,0.7164995682251174,0.02756623420282267,400,0,0,0,0,307,307,0
quality_roi,temporal,480,1016,545,545,545,0,0,471,1.0,0.5364173228346457,0.6982703395259449,1.0,0.5364173228346457,0.6982703395259449,0.0,11.641138752929692,11.036815500119701,24.997596748289652,31.13215229823251,38.64793200045824,85.90224901737666,72.70833333333333,40.416666666666664,10.582480945959105,24.45104555954457,0.8211402366820645,0.09354513131256681,293,187,29,0,29,545,545,0
speed_full_only,static,400,806,132,132,131,1,0,674,1.0,0.16377171215880892,0.2814498933901919,0.9924242424242424,0.16253101736972705,0.27931769722814503,0.007575757575757576,12.84652436064789,13.279999009682797,19.316244409128558,22.041854138078627,25.39767199777998,77.84206622168168,79.25,16.5,12.800699210056337,19.176185845572032,0.013483548100339249,0.011591049915296026,400,0,0,0,0,132,132,0
speed_full_only,temporal,480,1016,283,283,283,0,0,733,1.0,0.2785433070866142,0.4357197844495766,1.0,0.2785433070866142,0.4357197844495766,0.0,8.911431061763627,8.340045504155569,15.906503300357139,20.0920994268381,21.8142919766251,112.21542231199102,95.83333333333333,50.0,8.80623569112989,15.731101350684177,0.01994159417032885,0.05790198095686113,480,0,0,0,0,283,283,0
balanced_full_only,static,400,806,224,224,224,0,0,582,1.0,0.27791563275434245,0.43495145631067966,1.0,0.27791563275434245,0.43495145631067966,0.0,17.242563694890123,16.84981600556057,28.772682663111468,43.705171888286706,61.77054098225199,57.99601600406745,48.75,10.5,17.178067733184434,28.72413129662162,0.0193126672093058,0.019163574543199502,400,0,0,0,0,224,224,0
balanced_full_only,temporal,480,1016,456,456,456,0,0,560,1.0,0.44881889763779526,0.6195652173913043,1.0,0.44881889763779526,0.6195652173913043,0.0,11.542473668911649,10.39228450099472,20.74104303610511,24.345977903285494,42.22940301406197,86.63654158409624,85.0,31.875,11.389797623511791,20.658200439356733,0.025150389289289404,0.09612809820585728,480,0,0,0,0,456,456,0
quality_full_only,static,400,806,307,307,303,4,0,499,1.0,0.38089330024813894,0.5516621743036837,0.9869706840390879,0.3759305210918114,0.5444743935309972,0.013029315960912053,21.2553617957019,21.299004496540874,31.64579118747497,34.24661259836284,35.905558994272724,47.04695265183453,26.0,1.75,20.584743262224947,30.946962663438168,0.6184917895006947,0.025546012257109396,400,0,0,0,0,307,307,0
quality_full_only,temporal,480,1016,544,544,544,0,0,472,1.0,0.5354330708661418,0.6974358974358975,1.0,0.5354330708661418,0.6974358974358975,0.0,15.380580489788068,14.667347495560534,25.05510776682057,34.28008698218036,59.09282198990695,65.01705190281665,59.166666666666664,10.0,14.392281309543856,24.27294969820649,0.8597781539720017,0.09632043735715949,480,0,0,0,0,544,544,0
balanced_roi_side12,static,400,806,224,224,224,0,0,582,1.0,0.27791563275434245,0.43495145631067966,1.0,0.27791563275434245,0.43495145631067966,0.0,15.934458684932906,16.378969492507167,23.80736431368858,26.599897669511844,28.948717983439565,62.75707382175252,52.25,10.0,15.873586562593118,23.75302789296255,0.0177083007292822,0.01785523745638784,400,0,0,0,0,224,224,0
balanced_roi_side12,temporal,480,1016,459,459,459,0,0,557,1.0,0.45177165354330706,0.6223728813559323,1.0,0.45177165354330706,0.6223728813559323,0.0,9.981083385779735,8.843566494761035,22.865466000803274,28.990800754982004,45.156767999287695,100.18952465868801,83.125,47.083333333333336,9.699970436728714,22.424859047168855,0.02463233461943067,0.09907111313320154,319,161,13,0,13,459,459,0
balanced_roi_side16,static,400,806,224,224,224,0,0,582,1.0,0.27791563275434245,0.43495145631067966,1.0,0.27791563275434245,0.43495145631067966,0.0,15.955620859967894,16.045363008743152,24.787999891850625,27.89751193486154,31.575979985063896,62.67383819008671,56.0,8.75,15.892504810035462,24.738683740724802,0.018818465250660665,0.01852674307883717,400,0,0,0,0,224,224,0
balanced_roi_side16,temporal,480,1016,459,459,459,0,0,557,1.0,0.45177165354330706,0.6223728813559323,1.0,0.45177165354330706,0.6223728813559323,0.0,9.019153237022692,8.271278493339196,19.565554604923797,25.85898806806653,28.64824200514704,110.8751535449141,85.41666666666667,50.208333333333336,8.76031834729171,19.249153608689063,0.02390676230182483,0.09091759147850098,319,161,13,0,13,459,459,0
balanced_roi_side20,static,400,806,224,224,224,0,0,582,1.0,0.27791563275434245,0.43495145631067966,1.0,0.27791563275434245,0.43495145631067966,0.0,16.952534517549793,17.061605976778083,25.491212299675674,32.17914927430681,48.225095990346745,58.98822969301545,46.75,8.25,16.886734475192497,25.434315898746714,0.019360847290954553,0.019299725172459148,400,0,0,0,0,224,224,0
balanced_roi_side20,temporal,480,1016,459,459,459,0,0,557,1.0,0.45177165354330706,0.6223728813559323,1.0,0.45177165354330706,0.6223728813559323,0.0,9.287245587681051,8.445441504591145,21.667745501326852,25.695412060595107,40.81372602377087,107.67455114209936,84.375,49.583333333333336,9.030359626982923,21.420176947140135,0.024802835954081576,0.09022686069026047,319,161,13,0,13,459,459,0
balanced_roi_full8,static,400,806,224,224,224,0,0,582,1.0,0.27791563275434245,0.43495145631067966,1.0,0.27791563275434245,0.43495145631067966,0.0,19.825006965184002,19.112205016426742,36.166442951071026,52.71463172539369,67.9698160092812,50.44134419504446,40.0,8.5,19.747855504974723,36.07442424108735,0.020522599588730372,0.021997832955094054,400,0,0,0,0,224,224,0
balanced_roi_full8,temporal,480,1016,459,459,459,0,0,557,1.0,0.45177165354330706,0.6223728813559323,1.0,0.45177165354330706,0.6223728813559323,0.0,9.840563302047181,8.620442997198552,22.093529200355977,31.375561392633134,61.07564500416629,101.6201988957243,84.375,47.083333333333336,9.546731149748666,21.856309403665346,0.026393212101538666,0.10796251232629099,319,161,13,0,13,459,459,0
balanced_roi_full16,static,400,806,224,224,224,0,0,582,1.0,0.27791563275434245,0.43495145631067966,1.0,0.27791563275434245,0.43495145631067966,0.0,16.242374008579645,16.497614022227935,25.21400626137619,29.216955388837956,32.9099660157226,61.56735459187025,50.75,9.25,16.178150540945353,25.145708688069128,0.01925897980981972,0.01874498113465961,400,0,0,0,0,224,224,0
balanced_roi_full16,temporal,480,1016,459,459,459,0,0,557,1.0,0.45177165354330706,0.6223728813559323,1.0,0.45177165354330706,0.6223728813559323,0.0,8.648753787262345,8.189126005163416,18.461923892027695,21.92370651697274,26.52018002117984,115.62359440417572,90.20833333333333,50.833333333333336,8.408740342323048,18.188256147550412,0.022242405005575467,0.08428601031482685,319,161,13,0,13,459,459,0
balanced_roi_full32,static,400,806,224,224,224,0,0,582,1.0,0.27791563275434245,0.43495145631067966,1.0,0.27791563275434245,0.43495145631067966,0.0,16.0725277804886,16.26492099603638,24.948705939459614,28.26533880375791,29.829023987986147,62.21796681004712,52.5,9.25,16.008512217376847,24.857929609424897,0.018815997609635815,0.018673427184694447,400,0,0,0,0,224,224,0
balanced_roi_full32,temporal,480,1016,459,459,459,0,0,557,1.0,0.45177165354330706,0.6223728813559323,1.0,0.45177165354330706,0.6223728813559323,0.0,8.657619371054656,8.420006503001787,18.787659921508745,23.579858862794932,31.85002601821907,115.50519341879796,90.625,48.958333333333336,8.428263894287133,18.579647151636888,0.02059161403546265,0.08178968764696037,319,161,13,0,13,459,459,0
balanced_roi_thr1,static,400,806,224,224,224,0,0,582,1.0,0.27791563275434245,0.43495145631067966,1.0,0.27791563275434245,0.43495145631067966,0.0,24.406077822568477,24.8841025022557,38.114290480734766,49.73629027401329,85.18902098876424,40.97340044844456,23.5,6.25,24.358494730549864,38.05532933911307,0.013299635611474514,0.012991971598239616,400,0,0,0,0,224,224,0
balanced_roi_thr1,temporal,480,1016,459,459,459,0,0,557,1.0,0.45177165354330706,0.6223728813559323,1.0,0.45177165354330706,0.6223728813559323,0.0,10.985579089295546,8.606242015957832,28.925145347602662,36.06500136666,40.63451199908741,91.02842843982704,71.45833333333333,48.958333333333336,10.82145995405881,28.75495903717819,0.015150991506137265,0.057092753801650055,319,161,13,0,13,459,459,0
balanced_roi_thr2,static,400,806,224,224,224,0,0,582,1.0,0.27791563275434245,0.43495145631067966,1.0,0.27791563275434245,0.43495145631067966,0.0,16.224530130202766,15.858212500461377,28.649402847804584,46.22867625323124,67.22374699893408,61.635066900239565,55.25,14.0,16.169767599130864,28.575305042613753,0.015338737939600833,0.015400271076941863,400,0,0,0,0,224,224,0
balanced_roi_thr2,temporal,480,1016,459,459,459,0,0,557,1.0,0.45177165354330706,0.6223728813559323,1.0,0.45177165354330706,0.6223728813559323,0.0,12.06016752839787,8.059933490585536,34.28221375070274,63.819668476353385,101.64836299372837,82.91758780674623,75.0,51.666666666666664,11.80006052175789,34.093711750756434,0.022629757889565855,0.08714127767840789,319,161,13,0,13,459,459,0
balanced_roi_thr3,static,400,806,224,224,224,0,0,582,1.0,0.27791563275434245,0.43495145631067966,1.0,0.27791563275434245,0.43495145631067966,0.0,15.952299303316977,15.855689998716116,24.435073728091083,28.462636026670225,29.282892995979637,62.68688801444874,55.0,8.75,15.892426080317819,24.38531241932651,0.017772862265701406,0.017189434147439897,400,0,0,0,0,224,224,0
balanced_roi_thr3,temporal,480,1016,459,459,459,0,0,557,1.0,0.45177165354330706,0.6223728813559323,1.0,0.45177165354330706,0.6223728813559323,0.0,8.875286845795927,8.35769998957403,18.099644142785106,23.61307496379595,27.47264099889435,112.67241469200323,88.95833333333333,49.791666666666664,8.62620656874545,17.72677686094539,0.023318892453971785,0.08851882612361806,319,161,13,0,13,459,459,0
balanced_roi_thr4,static,400,806,224,224,224,0,0,582,1.0,0.27791563275434245,0.43495145631067966,1.0,0.27791563275434245,0.43495145631067966,0.0,17.974607934520463,17.454746994189918,28.880651263170876,31.280122648749963,37.03355899779126,55.634036839239606,46.5,6.0,17.907313974792487,28.795134696702007,0.020238184952177107,0.019725487800315022,400,0,0,0,0,224,224,0
balanced_roi_thr4,temporal,480,1016,459,459,459,0,0,557,1.0,0.45177165354330706,0.6223728813559323,1.0,0.45177165354330706,0.6223728813559323,0.0,9.390375220755232,8.820033006486483,19.94136255525516,23.33808030176442,31.783325015567243,106.49201725078392,86.875,46.666666666666664,9.09391789524913,19.514850740961236,0.02482432094742156,0.09840515801139797,319,161,13,0,13,459,459,0
